7.000000000000001e-05,0.008066666666666666,0.016233333333333332,0.022596666666666668,0.04697333333333333,0.05665333333333333,0.06195,0.06795666666666667,0.07025666666666668,0.10418,0.10319,0.11347666666666667,0.11408,0.12654333333333334,0.12834666666666666,0.13106666666666666,0.13994,0.14262,0.16524666666666668,0.18062666666666669,0.18436333333333332,0.19072333333333333,0.19335,0.22172,0.22541333333333333,0.23102,0.23828666666666667,0.25153333333333333,0.25245,0.2544,0.26355,0.2682466666666667,0.2830566666666667,0.30694333333333335,0.3082,0.31749,0.3192566666666667,0.34351333333333334,0.35600666666666664,0.3577666666666666,0.36489666666666665,0.3786433333333334,0.3811333333333333,0.38283333333333336,0.3915033333333333,0.3967966666666667,0.40950333333333333,0.43729666666666667,0.4377466666666667,0.44719333333333333,0.44906,0.46659333333333336,0.4842066666666667,0.49255,0.49856666666666666,0.5096066666666667,0.51671,0.51773,0.5216333333333333,0.5301266666666666,0.54179,0.5690533333333333,0.5754866666666667,0.5821366666666666,0.5871466666666666,0.59031,0.6275499999999999,0.6312433333333333,0.64264,0.6427866666666667,0.6576233333333333,0.6582633333333333,0.66156,0.6718266666666667,0.6752666666666666,0.7054166666666667,0.72012,0.7231066666666667,0.7334433333333333,0.7347766666666667,0.7748666666666667,0.7757666666666667,0.78869,0.7911666666666667
0.00026333333333333336,0.007606666666666667,0.014873333333333334,0.020956666666666665,0.04482,0.05347,0.0584,0.06418666666666667,0.06641,0.09941333333333334,0.09825333333333335,0.10825,0.10856666666666666,0.12080333333333333,0.12258666666666666,0.12525666666666666,0.13385333333333332,0.13656333333333334,0.15882333333333334,0.17378000000000002,0.17745333333333335,0.18363666666666667,0.18614333333333333,0.21380666666666667,0.21724,0.22279666666666667,0.22971333333333332,0.2427,0.24361333333333335,0.24558333333333335,0.25450666666666666,0.25906666666666667,0.2735866666666667,0.29680666666666666,0.29816666666666664,0.30720333333333333,0.3088666666666667,0.33247333333333334,0.3443833333333333,0.34609,0.35297,0.36637666666666663,0.36874999999999997,0.3704066666666667,0.37886333333333333,0.3840733333333333,0.3964533333333333,0.42334999999999995,0.4235466666666667,0.43285,0.4346433333333333,0.4515466666666667,0.46828333333333333,0.4763933333333333,0.48208333333333336,0.4928266666666667,0.49962,0.5006466666666667,0.5044000000000001,0.5126666666666667,0.5240066666666666,0.5505433333333333,0.5567,0.56314,0.56794,0.5710133333333333,0.6067033333333333,0.6103266666666667,0.62136,0.6213433333333334,0.6356866666666666,0.6362,0.6394033333333333,0.64922,0.65254,0.6816433333333333,0.6954266666666666,0.6983100000000001,0.7083433333333334,0.7095733333333333,0.7469333333333333,0.7472300000000001,0.7593333333333333,0.7613500000000001,0.7759133333333333,0.7782833333333333,0.78328,0.7937,0.7957466666666666,0.8198799999999999,0.84274,0.84639,0.8536133333333332,0.8601933333333333
0.00027,0.00854,0.017576666666666668,0.024376666666666668,0.049359999999999994,0.059840000000000004,0.06567666666666667,0.07218000000000001,0.07449333333333334,0.10948999999999999,0.11089333333333333,0.12219000000000001,0.12407333333333333,0.13750333333333334,0.13949999999999999,0.14271333333333333,0.15338666666666667,0.15645333333333333,0.17967666666666668,0.19726666666666667,0.20126,0.20877,0.2116066666666667,0.24109333333333335,0.24756999999999998,0.25432666666666665,0.26317,0.2773333333333333,0.27867000000000003,0.28075333333333335,0.29131666666666667,0.29735,0.31264333333333333,0.33763000000000004,0.3404466666666666,0.35080333333333336,0.35331666666666667,0.37875,0.3939966666666667,0.39734,0.4060966666666667,0.4209766666666667,0.4241333333333333,0.4258633333333333,0.43598333333333333,0.44288333333333335,0.45635333333333333,0.48529666666666665,0.48780666666666667,0.4986266666666667,0.50136,0.52006,0.54128,0.55121,0.5594100000000001,0.5712833333333334,0.5798533333333333,0.58095,0.58622,0.5965866666666667,0.60906,0.6377733333333333,0.6466833333333334,0.6546166666666667,0.6607033333333333,0.6640633333333333,0.7060399999999999,0.7120466666666667,0.7255133333333333,0.7275933333333334,0.7447699999999999,0.7456200000000001,0.7498633333333333,0.7632633333333333,0.7672599999999999
0.0002666666666666667,0.009106666666666667,0.019206666666666667,0.026523333333333333,0.05270666666666667,0.064,0.07041666666666667,0.07754666666666667,0.08012666666666667,0.11718333333333332,0.11887333333333333,0.13067333333333334,0.13277333333333333,0.14681333333333332,0.14888666666666667,0.15225666666666668,0.16346333333333332,0.16665333333333335,0.19096,0.20940333333333336,0.2135733333333333,0.22140666666666667,0.22440000000000002,0.25582,0.26283666666666666,0.26989,0.27919,0.29405333333333333,0.29552666666666666,0.2977066666666667,0.30889666666666665,0.31518666666666667,0.3313466666666667,0.35771,0.3607466666666667,0.3714933333333333,0.37414333333333333,0.40179000000000004,0.41829999999999995,0.42189666666666664,0.43117333333333335,0.44696,0.4504533333333333,0.4522466666666667,0.46306,0.47031,0.4847166666666667,0.5161266666666667,0.51903,0.5304233333333334,0.5333866666666667,0.5531433333333333,0.57661,0.5871633333333334,0.59608,0.6087333333333333,0.61813,0.6192866666666667,0.6250600000000001,0.6362666666666666,0.6497866666666666,0.68023,0.6897333333333333,0.6983766666666668,0.7050933333333332,0.70872
0.00027,0.00957,0.02086666666666667,0.028753333333333336,0.05561333333333333,0.06872,0.07631,0.08461666666666667,0.08763666666666665,0.11948666666666667,0.12374666666666667,0.13797,0.14183666666666667,0.15815333333333334,0.16068333333333332,0.16502333333333333,0.17884333333333333,0.18267,0.20801,0.2284533333333333,0.2337233333333333,0.24368,0.24760333333333331,0.27355999999999997,0.2832966666666667,0.29252666666666666,0.3042033333333333,0.32117999999999997,0.32370666666666664,0.32633,0.3401733333333334,0.3478266666666667,0.36488666666666664,0.39385000000000003,0.39844999999999997,0.41148999999999997,0.4156766666666667,0.43642000000000003,0.45441,0.46065333333333336,0.47248666666666667,0.49076000000000003,0.4960633333333333,0.4981,0.5111966666666666,0.5206000000000001
0.015055443946017988,0.00846115945923831,0.02350644754496045,0.031185293394258906,0.038218584540672396,0.04883565245416399,0.05438906968367441,0.062389647710134,0.07164702370081955,0.07889295991320466,0.12386772876627461,0.13420254328899262,0.1338418167278057,0.14247072488558032,0.14726204043298097,0.1413500263991203,0.1360412619878204,0.13839202992473432,0.16496692433110383,0.18766279782256134,0.20240821971617606,0.2079403285905812,0.20506595650691395,0.20406464520490886,0.23946888900402286,0.24572600872451034,0.2527044817703512,0.2606386649850876,0.2770758627038141,0.2761384693124711,0.2667027646597724,0.2656582319656806,0.2940109757121192,0.3134839910176659,0.3222008135954688,0.32296037307737535,0.32456484653359396,0.33280848994577994,0.35844339081275756,0.3650731425194955,0.37585367298947325,0.3778647933783592,0.393185804479975,0.4024426304113149,0.39794823044416283,0.4019962206324834,0.42982354643498866,0.44750609044175604,0.4639823134514849,0.4598063459293371,0.46497628483474074,0.472081371026178,0.4875226890956057,0.5032505469344599,0.5140295376698631,0.515742650560469,0.5303421946342226,0.5377812737609204,0.5378093895491602,0.5406789949666333,0.5525503611345357,0.5593757627345042,0.5768099758257677,0.5896197776081422,0.6023135766096175,0.60703353097648,0.6269123624591941,0.6492340389232183,0.6583317557892769,0.673826666624997,0.6758577451084662,0.6653436511764212,0.6631327583684197,0.6644343798732635,0.6731478099466415,0.6828935952772781,0.7233227417240471,0.7314565333953666,0.7517995705386546,0.7509566121384097,0.7525182231843033,0.799543810911107,0.7881630006054259,0.7898555575673036
0.00016395628530472905,0.00016441057119288637,0.00017186766123704144,0.00016886469612285648,0.0001659405506823205,0.0001704652261260272,0.00016569377862442135,0.000161395181629704,0.0001617712381996713,0.00016103826816478228,0.0001618126765587765,0.00016295555378377313,0.0001628882233348624,0.00016013203858865143,0.00016104045873539607,0.00016506974390194184,0.00016337631064232216,0.00016396227558952502,0.00016288275622273828,0.00015555479010271955,0.0001613653751710694,0.0001597644631366032,0.0001575375461348568,0.0001639364404230189,0.00016670828247448776,0.00016699701521015264,0.00015862947311721742,0.00016252456144664828,0.00016183389916730816,0.0001618043837460067,0.00016299188446620782,0.00016304733836215523,0.0001598728160673698,0.00015948403528688392,0.00016158364293643112,0.00016014667168416451,0.0001610259773737307,0.00016160031593000023,0.00016480551423451805,0.00016377419937186965,0.00016037045227860835,0.00015978640122414422,0.00015898573186019582,0.0001583666102986222,0.00015853546790971029,0.00015826695110816657,0.00015972228071254945,0.00016153837389874603,0.00016587524498916172,0.000161880685785721,0.00016566256694004543,0.00016451873633076063,0.00015970601159746655,0.00015860577600724867,0.00015769862380974963,0.00015803064723375414,0.00015953771380326575,0.00015835142902332976,0.0001595569033619023,0.00016142190754490714,0.00016005452053373192,0.00016149373385863718,0.00016275549722115167,0.00016071177319744245,0.0001604846017697178,0.00015739377658564668,0.00015702323866202483,0.0001581892444710694,0.00015717732851134946,0.0001603411647585603,0.00016023061517612757,0.00016000293174826618,0.0001600399476911326,0.0001584165650143473,0.0001596018026840792,0.00016206614706300104,0.0001619283975128457,0.00015980853826884155,0.00015968005777387628,0.00015947606954531756,0.00015969698949623378,0.00018442266583569366,0.0001631322534823406,0.00016475968488306535
0.015055443946049962,0.008608280528274115,0.022647834379846188,0.027131471793175876,0.0324625812490531,0.04126159830121523,0.046126380600210126,0.05172069603251295,0.056726754912121535,0.06853458179686456,0.09928727230098744,0.11503033800306994,0.11465719433958199,0.12375790114208485,0.1327935936677882,0.13128497829104901,0.12579372408966094,0.12968068797417587,0.14547500596929197,0.15975176654047374,0.17040390040990872,0.18756801354840036,0.18576764020944836,0.17710608359631408,0.2063981471430978,0.2242389627258916,0.23448385754584677,0.24306883229185416,0.25954901909614136,0.26280681431263275,0.25099017079229924,0.24935529228429942,0.27424259749329494,0.28592662209721453,0.28932582839345145,0.2997855643943623,0.3067841347797291,0.3163603455330133,0.3271078344216427,0.3441479243159833,0.3555532779130388,0.3458374482840849,0.3648554961094064,0.37829671343384064,0.37490070573167955,0.3836053059460518,0.41243714404666676,0.41716464787444174,0.4218631090414444,0.4368340234119259,0.44446502262925947,0.450401377452355,0.46035905901449325,0.4687631857238763,0.4765231812101476,0.4760061789863883,0.4907015142473128,0.5013570980121074,0.502836351884973,0.5084105245827999,0.5128966230712564,0.5155421271255562,0.526550398544984,0.5443196565603046,0.5541178940078453,0.5611682062455401,0.5729584976919995,0.5923974143758741,0.6271171001654778,0.627586390087643,0.6170080307966046,0.611525545544481,0.6155705689201838,0.6079481760830419,0.6079502914259649,0.6214272934579981,0.6491624818958996,0.6624536572850772,0.7021021338355382,0.7017876353355419,0.7019126945996206,0.7367393125770221,0.74029814181538,0.7479627768593993,0.7628828745085485,0.7717133158295475,0.7714912579487816,0.7692703348430499,0.7735025428403688,0.7871078751719978,0.8000890826134182,0.8003298368176637,0.7966124320938093,0.7586001657893995
0.0001639441308187558,0.0001644055113642192,0.00017707932900386047,0.00016904172475338896,0.0001702797466563829,0.00016352897199241122,0.00016379484842045177,0.0001651613967081752,0.00016275108747186372,0.00015956283659144887,0.0001577014788228922,0.00015526145157344706,0.00016329812059791082,0.00016184531021788483,0.00016264173672393489,0.00016236141628288091,0.00016178092704836688,0.00016216093545907772,0.0001584539409616844,0.00016059583728548842,0.00015572829162206558,0.00016517042081397115,0.00016011989382581714,0.00016095941800510293,0.00016443131485892126,0.00016523935445229642,0.0001685733932846719,0.0001642642853686268,0.0001608165892125043,0.00016423216619780378,0.000160244527452292,0.00016732526630737287,0.00015941805993059465,0.00016028264443069894,0.00015907753848211158,0.0001584134168230008,0.00015950604791951727,0.0001594814870338309,0.00016054993177945308,0.00015926946306567068,0.00016112127294133437,0.00016156710320923217,0.00016352985580521195,0.00015985268790428907,0.0001637266029570047,0.00015927633025376663,0.0001581398569702027,0.00015833482502018514,0.00015896253034173934,0.0001604393412066426,0.0001616815673848978,0.00016229150362976973,0.00016153753836416006,0.0001647876942023737,0.00016500184399438422,0.00016394119224370584,0.0001595905843560349,0.00015797803210080918,0.0001581148763575132,0.0001579588992507549,0.00015815087383279158,0.00015815098775971503,0.0001591253442861492,0.00016054354407431048,0.00016063089224753268,0.00016160498594809469,0.00016382139024166486,0.00016038614289163943,0.00015832326388419215,0.0001581875271728491,0.00015858477048809127,0.00015927822007298441,0.0001575970642761334,0.0001577594153212688,0.00015818057226886305,0.00015723612195607328,0.0001579646703702816,0.00015861509638521808,0.00016085838243882843,0.0001619411009953061,0.00016199043352095398,0.00015968233587191982,0.00016221730791455912,0.00015984455584456902,0.00015900402076458674,0.0001597514621406012,0.00015916044247822413,0.00015958935733899137,0.0001610456449961225,0.00016289506445955692,0.00019812230172892652,0.00018966179858935305,0.0002152833707223919,0.00034300356805703835
0.015055443946057068,0.008303041886203566,0.02467059166657748,0.03597556540064062,0.04282430154304606,0.05716843076127098,0.06535686932665996,0.0683725624877134,0.07385006328361499,0.0823627421473887,0.15052942861319707,0.1446358194145212,0.13979652299582668,0.13519838622869784,0.15137881548258747,0.15326883158795113,0.15703290495017797,0.1668822408671744,0.18657079647618957,0.21360735207141346,0.23146148925901855,0.22528893370498793,0.2230567004497246,0.2282966071287973,0.2747893791655578,0.2708716717602151,0.26763812592760416,0.2673386262944284,0.2907567530805011,0.2963589302606735,0.2948481191191341,0.30047314649208445,0.3266241257995297,0.3536447838003909,0.38090885591525847,0.36420429060942183,0.3610353204992922,0.3747122020926863,0.4124302142612244,0.4207741680493555,0.41912029031406384,0.41410773891676733,0.42863311994509345,0.43488360417683225,0.43632172323769325,0.4444392199856111,0.4631643363174014,0.4802934367032563,0.521559466339582,0.520878847692444,0.5156299176390178,0.5189333379812737,0.5635938951060737,0.5927124724190946,0.5619330354577841,0.5650734720511821,0.5952999642196772,0.5911933440137673,0.5897250789955635,0.5969871581436195,0.6226019608812337,0.6467340473237471,0.7154750822534481,0.6841611734099686,0.6743429040081992,0.6646522491820335,0.692702868750473,0.7615089561861765,0.712157221432669,0.744829782816808,0.7498070714606442,0.7536583886636272,0.7464623332940832,0.7579174734137659,0.7832770301536947
0.00016396976694242415,0.00016449580759990223,0.00016697926339460733,0.00016887244338341178,0.00016264084152840607,0.00016281444933897792,0.00016048801748120921,0.00015658494099997166,0.00015888677331011924,0.0001619170084075202,0.0001596029064373624,0.0001585436457278274,0.00016266573924171378,0.00016314786844100004,0.00016602243739031818,0.00016093333200943382,0.0001611943998127815,0.00016489041902810275,0.00015935162883302733,0.00015663904301217523,0.00016340817185587852,0.00015909781543808698,0.00015809007151783094,0.00015852502842337934,0.00016051714777169456,0.00016145636520327266,0.00016080012902137752,0.00016625298966225854,0.00015952428164490794,0.00015859615539619087,0.00016029147667052734,0.00016013320900696925,0.0001602593491439438,0.0001618495276012718,0.0001598374202344107,0.00016415974621029693,0.00016415887220925873,0.00016383138577792466,0.0001581555505440043,0.00015856320158392855,0.0001584242621504147,0.00015816952084727964,0.00015945405944737889,0.00016048419856469286,0.00016029280032937653,0.00016147926360938835,0.00016635453227985063,0.0001605997007246681,0.00015949743093292078,0.00015854112572198453,0.00015840912373744708,0.00015888340787940735,0.00016036826214536692,0.00016080585710563443,0.00015904762560804497,0.0001597999723808704,0.00016021371706946363,0.00016029806461044315,0.0001602683647774058,0.00016025268454260077,0.00015830688328462094,0.00015675504576635545,0.0001615655149443792,0.0001606043960094402,0.0001603676981249532,0.00016029455038386674,0.0001626690685554829,0.00015845858185660277,0.0001623392300469214,0.0001605785650946997,0.00015973365198538946,0.0001595630023958191,0.00016018970954191435,0.00015810090605418236,0.00016974559259220833
0.015055443946022429,0.008113305189918485,0.027077269797416648,0.044426215324708807,0.050972859350389754,0.11349240308843278,0.10798308200325124,0.09744809194076254,0.10154641254967345,0.10555663619328115,0.19140960883030544,0.1504884783056042,0.15703978461742452,0.16824805108287677,0.18495997125619823,0.16911153202500628,0.18031353717219645,0.19466093407438478,0.21811298665203083,0.2544457194779923,0.26071963568587364,0.25065145289525503,0.2489495272962543,0.25074600856046914,0.31484304948828523,0.2788701460103802,0.2822461828390672,0.291161724641988,0.32655120152418604,0.3108208007391262,0.3176250560690086,0.325195138885805,0.35061528023367927,0.394897474084841,0.41979035088016836,0.389623918437481,0.3909360036763534,0.3942045174267612,0.45001876216192827,0.43211120363062605,0.44092238171607434,0.4576990239457537,0.47118541467238373,0.46224332713076066,0.46090790245701285,0.46593521727348275,0.4734767335075958,0.5117090513761937,0.5888564042343489,0.5698637781676581,0.601204511524621,0.5800632158538761,0.6249507815148689,0.6518419261689132,0.6510232454757556,0.698109447261686,0.7253466760132881,0.7082261056159425,0.6708959270699424,0.6546722191748344,0.6598701845292112,0.6928310345648825,0.7845038552582047,0.7801422121619979,0.7605667864766623,0.7718097195056863
0.00016396188967089464,0.00016452247720309476,0.00016901170129328202,0.00016562674554869227,0.00016499756596586945,0.00015886267623819805,0.00015802956185291338,0.00015825957665167666,0.00016035841538879014,0.00015820065726136556,0.00015577094182690564,0.000159285997290299,0.00015581864822640312,0.00016010245884838314,0.00015997716308900422,0.0001609266504853498,0.00016027200751002135,0.00016329895868548238,0.00016166079582856174,0.00016002661624238212,0.00016037926862304063,0.00015764546271383539,0.00016719247101919043,0.0001613770021273283,0.00015929291518969123,0.00016259953840659446,0.0001604204018255514,0.0001596236073790732,0.00016096316964354728,0.00015935109000493407,0.00015869118371879064,0.00016130188459382932,0.00016206282672494098,0.00015893074159696396,0.00015850560168235794,0.00015899901153458373,0.0001591529012188294,0.00015887696012493812,0.00016234008590874726,0.0001598770481102526,0.00015997447019867683,0.00016205634352199427,0.00016479640681009233,0.00016674854752047962,0.00016161588941228177,0.0001658197474022468,0.00016432133099729206,0.00015762527786157354,0.00016044757805098807,0.00015977035655713256,0.00016073385454455435,0.00016198646257840698,0.00015669720871442993,0.00015806535489838535,0.0001573242912729763,0.00016209400875698076,0.00016137572100309382,0.00016141687341182453,0.0001619149010368811,0.0001579535566519471,0.00015926300931794,0.00016448629554670157,0.00016145156107920188,0.0001653502968751005,0.00015775480221914628,0.00016022156375232265
0.015055443946076608,0.008642998768659815,0.032149901639112244,0.06137090766702258,0.09101083834291401,0.23109601819912484,0.1788372791873627,0.1491125105313742,0.14286921120417517,0.12847033643181405,0.235405792219467,0.18281075258367707,0.22130860562403853,0.21614355438524768,0.22870500250236603,0.19359091482785828,0.22052449671501506,0.248371352477065,0.2678017142921689,0.3315992596078541,0.3287661505820587,0.30796196325413305,0.3191861774905558,0.3050112243103946,0.412476571247522,0.3702028137575848,0.40319736918434046,0.3981849212951625,0.4312318490051048,0.38144815406330057,0.39417336842825534,0.4184847942069094,0.4143343853489778,0.5020918926198874,0.6050297008171484,0.5539707636354336,0.592883969494963,0.5520330538462304,0.6231043838940451,0.6154021515565447,0.6487295158022874,0.6566972414944772,0.6916117618659925,0.6836287659321911,0.6555234740955882,0.6619449796511603
0.00016325273012344842,0.00016428747919645736,0.00017313071061429507,0.0001613913164252697,0.0001554979978608103,0.0001696639558617493,0.0001607404961396338,0.00016307912059128148,0.00015700064676461644,0.0001620169495023923,0.00016105406478015915,0.00016447981206492234,0.0001631725627867072,0.00016046826773570354,0.00015982698822024154,0.00016634201099217726,0.0001603390084519548,0.00016715964832176932,0.00016313291605164559,0.00016035887873875964,0.0001619045446298436,0.00015948046370649137,0.00016012170387415058,0.00015877454149050362,0.00015818967966858632,0.00016385583049065088,0.00015830945678719865,0.00015841114195290295,0.00015964955748596987,0.00016019943594945484,0.00015880758788889914,0.00015826210454257327,0.00015822654461065754,0.00015861801089071614,0.00016104995719175085,0.00015947958879001877,0.00016040776085122854,0.00016098443728971922,0.00015774984044973427,0.00015888754044566877,0.00015898999886228082,0.00015962742229467885,0.00016228908468047886,0.0001603526647808281,0.00015831380636264846,0.00015907398010762763
0.01741489132090024,0.00640431355835247,0.025485881427762536,0.02602304210171269,0.032879404464253525,0.04934537307861575,0.0573387653783648,0.060375160546318085,0.06186315263857267,0.06957904467272158,0.1013720807911973,0.11955314301961728,0.11911882320379164,0.12971415683412424,0.14018853840013357,0.13844576989116497,0.13208061090521994,0.13658940428057598,0.15469321426915172,0.17060224908185972,0.18210430150125667,0.19988166889256398,0.19806226639914293,0.18916032751502865,0.21830813312317154,0.2350138601858447,0.2445461930288726,0.2526694649345611,0.2689107663836978,0.272225422573527,0.26035991051141316,0.25875510196242857,0.2840347929371454,0.29618285749712925,0.29969884330745344,0.31040394533307847,0.31744698813415795,0.32691339738217806,0.3373126775892388,0.3534082553317859,0.36401203407373117,0.35498489600775684,0.37262707712105225,0.38512734462250364,0.3819564687094328,0.3901100421500985,0.41807861482126896,0.42285812256123734,0.4276694607145686,0.44338523178468847,0.451579678168315,0.45800688593533323,0.46882613876036316,0.4779409327869075,0.48632215820074975,0.4857647494849999,0.501592883237123,0.5131294665441715,0.5147405092043584,0.520837782673496,0.525777783061443,0.528705324165756,0.5409989188911766,0.5611406559825127,0.5723199017628531,0.5803566053359646,0.5937232142312894,0.6153749092112264,0.6522074989414364,0.6526868764765936,0.6417590707309273,0.6359953307672015,0.6402544341835323,0.6321981577774807,0.6322004114500714,0.646355397248783,0.6741976708883612,0.6869687097276085,0.7235242033147529,0.7232394880492734,0.7233527072747847,0.7551596814159467,0.7585096617154505,0.7658574993375566,0.7809410892597697,0.7906505037347102,0.7903961114221119,0.7878841302925679,0.7927234814626729,0.8104449253445125,0.8396678713942975,0.8474441236655252,0.8574889823419625,0.8665634095294763
0.00034047773430670935,0.0003411929501664128,0.00036674281671797914,0.0003384494449200408,0.0003467976997430282,0.00034152717906608054,0.00034520009740593926,0.00035629509206939124,0.0003441173198411078,0.00033660366107349726,0.0003261532606588562,0.0003339840036194246,0.0003341916020201723,0.00032892398727682947,0.00033331453088917206,0.0003289490973571223,0.0003287886161356439,0.00032858216507906034,0.0003297017103195181,0.0003470473351406038,0.0003240167651724406,0.00035863266538541593,0.00034041727468090354,0.0003395401946614023,0.00033319167638016167,0.00033141816362967024,0.0003295912988889642,0.000331866578150241,0.00033979465206171943,0.0003245923489212148,0.00034748843752944113,0.000334820173892169,0.0003518928872459408,0.00034261412309014516,0.0003405989944325387,0.00033213959626907585,0.00033156060020303956,0.00034031863304293463,0.00034816111488409284,0.000340399572346916,0.00033469627233015874,0.000336163258197663,0.00033563277054052753,0.000333622831480062,0.0003322250204048409,0.0003330212918656643,0.0003291336676304095,0.0003316944756565958,0.0003324864124663922,0.0003395055353070713,0.00033782415869230075,0.00033683440299601063,0.00033560583515566055,0.0003299655557279839,0.0003386155106338877,0.0003246090393873906,0.0003284941598696627,0.0003240167651724406,0.0003302222052382391,0.00033549431346344626,0.00033454775718747486,0.0003295694131553499,0.0003376020484733615,0.00033414168203424954,0.0003321314920681544,0.00033405064659300864,0.0003319630933408584,0.0003387005506599088,0.0003430655007708221,0.00033076302276117064,0.0003293128339799438,0.0003297471511613852,0.00032995303904845774,0.00032417201750054513,0.0003291223019979188,0.0003240167651724406,0.0003444431657294349,0.00033739295331794916,0.0003254122520539353,0.0003298135269694573,0.0003332757389765455,0.0003363332174075355,0.0003372788192607994,0.0003290486448459855,0.0003321224883764733,0.0003320263127855376,0.000333861848124261,0.000332801279387817,0.000330852723535368,0.00034054297793415444,0.00034798605527311887,0.00034069397920614075,0.00035774621054616084,0.00040970599559229037
0.016136433976463138,0.008893601014911212,0.024866514124951777,0.03581735204940628,0.0392394634043427,0.05504172817234121,0.06458185040429498,0.0678198151128413,0.07343482766171405,0.0816653491150987,0.14048598034750626,0.1354700602173864,0.13137401540492988,0.12749481565933252,0.1412119720623366,0.1428306254803431,0.14606874069679066,0.1546525297193,0.17248243468108626,0.19917746318867557,0.21862899594748342,0.2117386231373075,0.2092882109745915,0.21507583016040144,0.26802834401397035,0.2637671676886839,0.2601934761358109,0.25985998485749917,0.2846016832552607,0.2901385040178752,0.2886578900149743,0.2941270817771482,0.3184128884306716,0.3427873436802997,0.3680357756976491,0.35242326260890877,0.3495166644946295,0.3621795901379343,0.39939673420971644,0.40819256610983956,0.4064329900858539,0.4011485083794497,0.416652904640614,0.4234803753107528,0.4250606432922872,0.4340180082691045,0.4545092891537905,0.47231398999687,0.5111525705446383,0.5105338862959883,0.5057569984463512,0.508764736554852,0.5498804845828502,0.577862889516652,0.5483154619762516,0.5512775979360853,0.5803952836007227,0.5763792560543379,0.5749475670561139,0.5820500886684812,0.607462876146954,0.6317406955957523,0.7009539711147852,0.6695563811922796,0.659646728950932,0.6498519270860754,0.6781581616359773,0.7460311547706624,0.697647887362109,0.7298992868789753,0.7347415100422694,0.7384725616053203,0.7314899699414923,0.7425814284412979,0.7665630045045049
0.00030084099269034954,0.0003025096366787224,0.0003196964471961557,0.0003138320720044781,0.00030702097986457584,0.00029889813998840793,0.0003019977243455326,0.0003042442087559723,0.0003073672296588011,0.0002913328645402565,0.0002918781122503496,0.0002926632450424634,0.0002942213907454812,0.0002950343716032818,0.0002910168827465816,0.0002915073260187425,0.0002909067723845312,0.00029204581446096796,0.0002960013092278065,0.00030563066865169704,0.000306912277857014,0.0002855057341831287,0.00029370816698710074,0.00029174073147886855,0.0002941930927618582,0.00029346151197429744,0.0002982614099120214,0.0002954159341392933,0.0002894953968783983,0.0002935428730757646,0.0002937366344419386,0.0002964212632370407,0.00030272810317617045,0.0002956840130860013,0.0002891592730294775,0.0002938664593342751,0.00029442941497804316,0.0002932925607479549,0.00029040632268412876,0.0002958813774728349,0.00029356447192686115,0.0002952914135626102,0.0002884185893241083,0.00029093271087633006,0.0002852799934332025,0.0002878161257011743,0.00030207287579992544,0.00031429020629692513,0.0003058252403496727,0.00030600842428252857,0.00030856106682037383,0.0003067211853470871,0.0002907616253369279,0.000291126129654324,0.00028714796771956504,0.0002878842337736339,0.00028977196432556436,0.0002938580799263853,0.00029059241504792517,0.0002935437915492841,0.000297737592774245,0.0003045777295697723,0.0002912136310510079,0.00030071295759593404,0.0002995045532831538,0.00030245089222414386,0.0002991127418274849,0.00030575305850250663,0.0002928486403208704,0.00029507426333259053,0.0002995885555640628,0.00030365034686253363,0.00029652678942488427,0.0002868148784054899,0.0003163948435761018
0.016110323689285444,0.011515887769180111,0.029734656705664442,0.036067311835612514,0.045900760257852724,0.1013331769949879,0.09762919460337827,0.09037805531066567,0.09323226107750315,0.09598208083310311,0.1565155881602358,0.12603213765425636,0.13055989670091606,0.1385513659663431,0.15126902249415863,0.13918249012542816,0.1476166966421104,0.1592466434032751,0.18105128843399143,0.22304581095711384,0.2308476268403723,0.21833232025456795,0.2162271387173611,0.21844948964307775,0.29034148106600277,0.2527143406993577,0.25658363455012534,0.26644879470677196,0.30116474349240185,0.2864916442495833,0.29296216334237535,0.2999371528647128,0.32214791827545497,0.35975679513432723,0.38269347924910235,0.3551632846784507,0.35630009803561435,0.3591493177755041,0.41505297722370926,0.39516383400543376,0.4046755189278315,0.42424137736148637,0.4411456128524769,0.4298419687623536,0.4281846585505882,0.43446873835278765,0.4440881803459611,0.4932595617307136,0.5761882259989832,0.5583613378372725,0.5868695970768378,0.5681469391207834,0.6054429282330709,0.6234270415531569,0.622926649857785,0.6468545202859026,0.6558768958897687,0.65065414551019,0.6342387817268555,0.6251342441987653,0.6281777622432365,0.6446751084512226,0.6557920357512348,0.657574715607474,0.660638192332847,0.6596561244451209
0.0012511544764832443,0.001249133221384006,0.0013127216803012747,0.0012472009904156683,0.001226982662279134,0.0012056822075957856,0.0012067636761631233,0.0012127710769221905,0.0012079328327859722,0.0012075467310367054,0.0012047667962057623,0.0012052506817357683,0.0012052695392657502,0.0012045038928146217,0.001204573721542505,0.0012040795459749547,0.0012126098166865811,0.0012047630614526999,0.0012062055315251712,0.001208640254112046,0.0012033722747369618,0.0012076149300314625,0.001207249466472408,0.0012076508706066452,0.0012035620122237672,0.0012029300403196257,0.00120278299611906,0.001202726272870101,0.0012040766275638031,0.0012033432116033953,0.0012037022572408945,0.0012041199172032318,0.0012074777816447318,0.001206440874124885,0.001202499876943956,0.0012058826971294827,0.001205985575300909,0.0012063733657147174,0.0012013159207940032,0.0012018450571722444,0.001201510149766936,0.0012072046748829706,0.0012011145429734731,0.001201172997578685,0.001201200459328115,0.0012012030945523482,0.0012011449640174903,0.001200878592015035,0.0012007856751427553,0.0012004450686633455,0.0012012605774893142,0.001200471422933334,0.0012013777639502104,0.0012068389670115125,0.0012070056389653343,0.0012049128142048431,0.0012093962453122425,0.0012085323412885356,0.0012028712549255732,0.0012064666611601698,0.0012039837455867768,0.0012037196735893135,0.0012665075964897448,0.0012562166413029579,0.0012297165621387423,0.0012436648873229966
0.015703974316802594,0.013049525282816665,0.024143145726667647,0.04213068563825839,0.056026401378722834,0.1445338337945994,0.10197003992989684,0.08418970140726478,0.08083812814676694,0.07348872176123145,0.14882308313929504,0.10462851089528247,0.13519487091347776,0.1305234193932534,0.14219736460043897,0.11225727050344025,0.13447380994875907,0.16211572981321476,0.18160721339091745,0.22673970871801785,0.22524256467970094,0.21316030231311034,0.2199406953432761,0.21125713081931075,0.26557075717302325,0.24519077175071669,0.26070416965021614,0.25820927403932004,0.2768397408504981,0.25031329709187045,0.2562651110933629,0.2689401366732236,0.26659202384625846,0.34471752376658404,0.4389498760996551,0.39852411839943436,0.43053382720529676,0.3967271871457374,0.45014098949066117,0.4455638839222864,0.463380634301636,0.4668893449585507,0.4789267039353513,0.4766554034450845,0.46639029994593884,0.4690453940201209
0.0013757335995731002,0.0013769917615839395,0.0015579475909706204,0.0013427231592372908,0.0012841143579902482,0.0012643417131514535,0.0012581017696934838,0.0012583112153773913,0.0012597638250616517,0.0012619627999119305,0.001264813182830959,0.0012583764884306593,0.0012630760621902793,0.0012623403106612303,0.001264053974805956,0.0012593789868341166,0.001262962329956482,0.0012656414266366235,0.001264726872203536,0.0012574831422608008,0.0012575387200773026,0.0012590356696599132,0.0012580180984671891,0.0012593316336587774,0.0012681785478098862,0.0012603817224252185,0.0012664913152543279,0.0012654762447308172,0.0012707171625933984,0.001262227427498191,0.001264654692116934,0.0012691782979679484,0.0012684772835331838,0.0012691421812807797,0.0012590290409220768,0.0012666133104450134,0.0012605356392193896,0.0012668501288785711,0.0012582676144271521,0.0012583236823208133,0.0012626387159910375,0.0012657331658069394,0.001292941730568386,0.0012844578397323526,0.0012652171290562198,0.0012683311830499306
585.0438232421875,558.1192626953125,531.2026977539062,504.29486083984375,477.3970031738281,450.5090026855469,423.6159362792969,396.5432434082031,366.8979797363281,334.6100158691406,303.5683898925781,277.88897705078125,254.22706604003906,236.65322875976562,214.56381225585938,180.0996551513672,156.94483947753906,130.01280212402344,101.95368957519531,73.00442504882812,48.873104095458984,19.457860946655273,-9.126811981201172,-33.686763763427734,-61.771121978759766,-84.21636199951172,-115.88414001464844,-142.5305938720703,-177.9036407470703,-206.89669799804688,-225.91278076171875,-240.65042114257812,-272.8793029785156,-327.4273681640625,-349.3456726074219,-374.13128662109375,-399.3287658691406,-452.9981994628906,-465.35552978515625,-435.9517517089844,-564.1102294921875,-591.2830200195312,-587.9050903320312,-571.085693359375,-594.3823852539062,-645.0608520507812,-623.9931640625,-583.1143188476562,-659.65283203125,-788.4246826171875,-787.7953491210938,-834.457275390625,-830.9497680664062,-719.6495971679688,-759.4236450195312,-810.6664428710938,-861.8235473632812,-890.1460571289062,-846.4500122070312,-883.7899780273438,-846.7526245117188,-919.4357299804688,-926.8955078125,-955.1484985351562,-940.313232421875,-857.8468627929688,-739.328857421875,-806.5419921875,-883.4185791015625,-936.6925048828125,-911.4878540039062,-995.2140502929688,-916.8731689453125,-890.0177001953125,-838.483154296875,-827.4549560546875,-913.7362670898438,-955.2504272460938,-1003.5132446289062,-918.2509155273438,-873.4108276367188,-878.1602783203125,-914.5703125,-984.5032348632812,-991.6926879882812,-980.489501953125,-981.89697265625,-1036.17138671875,-1034.542236328125,-982.5601806640625,-965.3287353515625,-1011.3923950195312,-961.4114990234375,-926.4608154296875,-983.1753540039062,-1025.81494140625,-1078.0443115234375,-1078.3741455078125,-1008.097412109375,-1057.1141357421875,-1088.290283203125,-981.77392578125,-960.1846923828125,-1006.2907104492188,-1031.169189453125,-1097.5860595703125,-1036.0555419921875,-979.6693115234375,-978.6010131835938,-1095.19482421875,-1074.0081787109375,-1024.6162109375,-1073.1934814453125,-1105.6014404296875,-1127.1470947265625,-1122.1904296875,-1081.033447265625,-1124.098876953125,-1109.2296142578125,-1086.4541015625,-1041.4666748046875,-1116.7843017578125,-1098.05224609375,-1023.088134765625,-1000.6205444335938,-1020.050048828125,-1109.033203125,-1140.1844482421875,-1124.001953125,-1117.361572265625,-1130.98681640625,-1167.3682861328125,-1161.21044921875,-1191.267333984375,-1185.884765625,-1180.0885009765625,-1122.39697265625,-1119.97705078125,-1190.6671142578125,-1068.26904296875,-1109.2879638671875,-1075.264404296875,-1137.3836669921875,-1133.8927001953125,-754.1214599609375,-1071.0767822265625,-1085.5045166015625,-835.9790649414062,-1065.0440673828125,-1057.359375,-1044.1961669921875,-915.024658203125,-973.9083862304688,-1024.0201416015625,-1079.779541015625,-1142.78955078125,-1170.6357421875,-1156.1328125,-1153.6585693359375,-1153.0443115234375,-1145.173583984375,-1147.2808837890625,-1160.0521240234375,-1181.0660400390625,-1123.0452880859375,-1003.6257934570312,-1046.302001953125,-1204.2401123046875,-1103.1669921875,-1135.6910400390625,-1093.4825439453125,-1147.38916015625,-1175.5050048828125,-1182.20751953125,-1163.4110107421875,-533.13330078125,-1115.4122314453125,-1110.346923828125,-1163.554931640625,-1141.23583984375,-1152.9281005859375,-960.2710571289062,-1101.3460693359375,-1123.2528076171875,-1136.9393310546875,-1145.8785400390625,-1180.03564453125,-1181.0853271484375,-1138.560791015625,-1172.2601318359375,-1185.4034423828125,-1169.57080078125,-1183.4747314453125,-1175.344970703125,-1190.116455078125,-1176.338623046875,-1188.9256591796875,-1218.3885498046875,-1188.196533203125,-1201.4105224609375,-1199.835205078125,-1123.6229248046875,-1033.400634765625,-1059.71533203125,-1207.5438232421875,-1217.37255859375,-1240.5394287109375,-1259.21728515625,-1115.9979248046875,-1108.8712158203125,-1250.98388671875,-1297.8800048828125,-1233.7152099609375,-1247.619384765625,-1217.22265625,-1192.305908203125,-1133.3218994140625,-1154.6771240234375,-1206.47412109375,-1223.1954345703125,-1233.3900146484375,-1020.4469604492188,-764.87353515625,-1080.474609375,-1125.2491455078125,-1100.5096435546875,-1140.692138671875,-1148.1234130859375,-1164.1273193359375,-1196.1737060546875,-1200.967529296875,-1193.971923828125,-1201.7742919921875,-1211.42626953125,-1263.5555419921875,-1264.929443359375,-1281.3372802734375,-1225.428466796875,-1227.9464111328125,-1234.3037109375,-1203.728271484375,-1152.9305419921875,-1098.7093505859375,-1133.5726318359375,-1249.5640869140625,-1228.6868896484375,-1214.3870849609375,-1193.421142578125,-1191.88818359375,-1227.6478271484375,-1234.6669921875,-1119.552978515625,-1067.059326171875,-1062.5472412109375,-1215.810302734375,-1224.076171875,-1226.9068603515625,-1285.4666748046875,-1275.075927734375,-1231.4854736328125,-1223.5953369140625,-1242.8944091796875,-1260.3692626953125,-1163.376708984375,-875.8004760742188,-1097.3585205078125,-1211.711181640625,-1202.3956298828125,-1263.9564208984375,-1265.3663330078125,-1240.8446044921875,-1260.65625,-1279.8050537109375,-1264.924072265625,-1236.537353515625,-1210.1956787109375,-753.0130004882812,-1112.6820068359375,-1220.074951171875,-1218.93701171875,-1232.8323974609375,-1270.1417236328125,-1291.625732421875,-1235.09228515625,-1225.6929931640625,-1211.3143310546875,-1205.1483154296875,-1260.143310546875,-1252.021728515625,-1302.4088134765625,-1259.8245849609375,-1264.104736328125,-1322.7369384765625,-1327.0458984375,-1310.173095703125,-1087.0230712890625,-308.1336669921875,-820.8536987304688,-1198.4136962890625,-1220.876953125,-1264.7491455078125,-1207.298583984375,-1187.609619140625,-1219.9822998046875,-1269.435302734375,-1232.0799560546875,-1239.4244384765625,-1303.6805419921875,-1279.8114013671875,-1275.3863525390625,-1293.1982421875,-1267.7724609375,-1239.8284912109375,-1088.4847412109375,-1152.26123046875,-1250.1717529296875,-1308.646240234375,-1307.9161376953125,-1268.4974365234375,-1245.1810302734375,-1214.734619140625,-1291.8270263671875,-1272.762451171875,-1288.75146484375,-1325.3927001953125,-1203.7371826171875,-1034.196533203125,-1047.0113525390625,-1160.7498779296875,-1279.2003173828125,-1291.9228515625,-1300.362060546875,-1302.4217529296875,-1294.708984375,-1259.07080078125,-1278.9837646484375,-1300.8851318359375,-1316.280029296875,-1331.645751953125,-1240.3121337890625,-1275.271728515625,-1282.0545654296875,-1287.6497802734375,-1281.559326171875,-1217.9990234375,-1229.40966796875,-1266.3641357421875,-1308.3507080078125,-1333.293701171875,-1375.55615234375,-1315.069580078125,-1346.6395263671875,-1342.6768798828125,-1327.35791015625,-1340.53564453125,-1074.0859375,-874.52978515625,-1139.5574951171875,-1352.8427734375,-1304.555908203125,-1320.71484375,-1323.95068359375,-1334.278076171875,-1343.051025390625,-1357.6280517578125,-1347.2659912109375,-1315.803955078125,-1368.695068359375,-1284.5518798828125,-1356.1016845703125,-1332.730224609375,-1248.657958984375,-1281.4617919921875,-1303.3917236328125,-1364.1370849609375,-1362.4864501953125,-1245.8316650390625,-1203.406494140625,-1283.722412109375,-1339.81103515625,-1312.1978759765625,-1339.1708984375,-1307.0987548828125,-1306.95361328125,-1300.7984619140625,-1317.03125,-1352.4306640625,-1352.0224609375,-1340.939697265625,-1233.030029296875,-982.6729125976562,-1058.8277587890625,-1276.1854248046875,-1285.450439453125,-1267.07763671875,-1327.5709228515625,-1355.5966796875,-1372.359619140625,-1395.446533203125,-1397.1785888671875,-1383.3707275390625,-1347.25927734375,-1353.541015625,-1237.0238037109375,-1296.5963134765625,-1302.6585693359375,-1378.7225341796875,-1285.384521484375,-1059.5269775390625,-1076.3802490234375,-1317.3858642578125,-1354.91259765625,-1389.0697021484375,-1376.5169677734375,-1135.9921875,-999.5106201171875,-1323.859619140625,-1331.387451171875,-1315.524658203125,-1296.14453125,-1309.0517578125,-1302.5833740234375,-1269.560546875,-1292.88134765625,-1302.382080078125,-1294.9222412109375,-1341.5198974609375,-1339.087890625,-1204.627197265625,-973.8436889648438,-1106.0106201171875,-1197.3466796875,-1258.337890625,-1346.0906982421875,-1352.31884765625,-1354.2994384765625,-1319.681884765625,-1279.072265625,-1298.2576904296875,-1314.4241943359375,-1244.0367431640625,-1248.3079833984375,-1317.0587158203125,-1374.597412109375,-1369.677001953125,-1405.12353515625,-1357.3946533203125,-1378.9749755859375,-1303.96142578125,-1288.359130859375,-1203.1285400390625,-1271.09130859375,-1391.956787109375,-1394.2421875,-1380.872802734375,-1368.075927734375,-1400.1829833984375,-1394.39306640625,-1318.3162841796875,-1331.2764892578125,-1339.1724853515625,-1345.2249755859375,-1373.2894287109375,-1405.8857421875,-1365.4140625,-1377.3885498046875,-1403.74560546875,-1392.1527099609375,-1370.27001953125,-1454.408447265625,-1360.7703857421875,-1032.441650390625,-1159.012451171875,-1210.6168212890625,-1338.3504638671875,-1414.087890625,-1415.5909423828125,-1445.9833984375,-1244.90185546875,-1305.15869140625,-1341.2591552734375,-1397.0228271484375,-1407.35693359375,-1355.760986328125,-1241.0240478515625,-1222.4996337890625,-1279.459228515625,-1408.3740234375,-1375.32568359375,-1407.619384765625,-1432.6778564453125,-1399.0672607421875,-1434.4097900390625,-1393.3197021484375,-1371.63232421875,-1411.97802734375,-1366.9453125,-1285.990966796875,-1273.3668212890625,-1397.3692626953125,-1339.953857421875,-1391.20166015625,-1372.38623046875,-1383.3798828125,-1324.7366943359375,-1149.4752197265625,-1200.798095703125,-1340.5560302734375,-1410.1943359375,-1379.51025390625,-1275.210693359375,-1361.6507568359375,-1428.836669921875,-1395.6719970703125,-1432.05322265625,-1388.4864501953125,-1433.2772216796875,-1429.5423583984375,-1360.2938232421875,-1318.368408203125,-1313.925048828125,-1383.3218994140625,-1350.6192626953125,-1211.175048828125,-1221.45361328125,-1289.097900390625,-1422.36474609375,-1416.4202880859375,-1109.205078125,-865.7655029296875,-1324.48193359375,-1299.8270263671875,-1309.737060546875,-1351.4368896484375,-1302.2423095703125,-1336.02734375,-1385.123046875,-1360.9730224609375,-1360.6119384765625,-1345.9654541015625,-1358.104248046875,-1415.7906494140625,-1347.173583984375,-1260.7662353515625,-1273.1947021484375,-1395.7301025390625,-1426.503662109375,-1412.4337158203125,-1407.7601318359375,-1404.0877685546875,-1420.5106201171875,-1425.7181396484375,-1344.5281982421875,-1341.8828125,-1435.6490478515625,-1450.467529296875,-1461.0828857421875,-1466.2874755859375,-1366.4117431640625,-1368.094970703125,-1410.875,-1404.7381591796875,-1059.336181640625,-1112.39794921875,-1270.0072021484375,-1347.873291015625,-1392.1229248046875,-1420.787353515625,-1378.492919921875,-1383.2720947265625,-1377.2275390625,-1352.5792236328125,-1342.119140625,-1340.4571533203125,-1398.4921875,-1370.39892578125,-755.8949584960938,-303.66473388671875,-1074.440185546875,-1357.1002197265625,-1394.449951171875,-1402.1016845703125,-1333.8310546875,-1325.823486328125,-1385.0738525390625,-1328.11962890625,-1370.5233154296875,-1369.93115234375,-1432.6868896484375,-1377.3043212890625,-1422.8829345703125,-1363.87744140625,-1384.9639892578125,-1377.5771484375,-1333.7332763671875,-1412.96142578125,-1420.7982177734375,-1390.3372802734375,-1407.0501708984375,-1438.84814453125,-1026.6318359375,-1195.5714111328125,-1386.1995849609375,-1391.4749755859375,-1414.4771728515625,-1397.796875,-1398.3184814453125,-1267.8265380859375,-1260.3870849609375,-1316.935546875,-1443.7724609375,-1474.4735107421875,-1362.6474609375,-1408.572998046875,-1456.413330078125,-1290.570556640625,-1173.94482421875,-1375.43212890625,-1424.55322265625,-1377.9901123046875,-1387.514892578125,-1388.2490234375,-1440.482666015625,-1472.668212890625,-1439.59375,-1447.76806640625,-1437.7625732421875,-1483.8087158203125,-1466.1923828125,-1382.8182373046875,-1369.952392578125,-1410.3677978515625,-1472.481201171875,-1441.317626953125,-1457.4228515625,-1406.9117431640625,-1325.42822265625,-1321.3016357421875,-1387.64306640625,-1450.5216064453125,-1424.4088134765625,-1450.32861328125,-1473.688720703125,-1478.941162109375,-1445.6063232421875,-1445.503662109375,-1467.834716796875,-1498.1063232421875,-1480.5848388671875,-1450.72607421875,-1455.869140625,-1464.8133544921875,-1435.0670166015625,-1462.57177734375,-1484.8292236328125,-1128.116455078125,-1165.9547119140625,-1431.8997802734375,-1350.1058349609375,-1405.990966796875,-1445.690673828125,-1356.137939453125,-1427.3973388671875,-1488.149658203125,-1444.57373046875,-1433.81787109375,-1399.8094482421875,-1483.4241943359375,-1426.9794921875,-1001.0650024414062,-260.3875427246094,-969.9060668945312,-1436.304931640625,-1044.53857421875,-637.1183471679688,-888.9210815429688,-1225.0,-1338.0203857421875,-1334.670654296875,-1319.2222900390625,-1290.4896240234375,-1284.8511962890625,-1287.60009765625,-1338.7196044921875,-1346.42724609375,-1402.146240234375,-1366.0994873046875,-922.4793701171875,-804.5171508789062,-1237.81396484375,-1291.47021484375,-1202.267578125,-1306.17333984375,-1335.345947265625,-1288.771484375,-1337.75341796875,-1357.0462646484375,-1375.7247314453125,-1434.969970703125,-1448.6865234375,-1478.544677734375,-1425.34423828125,-1440.18798828125,-1442.2139892578125,-1430.961669921875,-1420.65673828125,-1451.3328857421875,-1395.146240234375,-1458.95263671875,-1464.9654541015625,-1465.4300537109375,-1451.8607177734375,-1479.164306640625,-1440.649658203125,-1448.118896484375,-1480.4754638671875,-1469.6759033203125,-1373.7430419921875,-1330.9208984375,-1376.068115234375,-1415.639404296875,-1475.0877685546875,-1454.8687744140625,-1456.9232177734375,-1429.3179931640625,-1493.463623046875,-1287.44091796875,-1467.00537109375,-1342.629150390625,-1346.720703125,-1339.3272705078125,-1299.3087158203125,-1324.9078369140625,-1338.5799560546875,-1397.55224609375,-1451.1893310546875,-1432.809814453125,-1427.2991943359375,-1369.81103515625,-1419.0521240234375,-1453.6895751953125,-1455.0869140625,-1424.8038330078125,-1380.6885986328125,-1414.0892333984375,-1390.3870849609375,-1398.894287109375,-1109.1280517578125,-526.5013427734375,-1251.7579345703125,-1329.9339599609375,-1240.116455078125,-1258.9814453125,-1275.931884765625,-1307.7889404296875,-1369.3260498046875,-1388.7427978515625,-1403.5875244140625,-1346.0689697265625,-1101.3836669921875,-1240.3701171875,-1344.1318359375,-1395.6219482421875,-1417.2735595703125,-1427.9307861328125,-1344.432373046875,-1376.6744384765625,-1390.920166015625,-1373.5684814453125,-1293.5687255859375,-1194.3856201171875,-1189.2017822265625,-1240.2833251953125,-1284.5855712890625,-1303.6912841796875,-1382.6192626953125,-1443.748779296875,-1180.376953125,-816.1146850585938,-939.737548828125,-1392.023681640625,-1344.11669921875,-1344.1529541015625,-1400.7166748046875,-1370.314453125,-1398.4805908203125,-1413.7164306640625,-1379.4296875,-1426.7249755859375,-1360.6527099609375,-1347.884765625,-1332.690185546875,-1390.3265380859375,-1438.7681884765625,-1409.1483154296875,-1446.432861328125,-1428.740966796875,-1471.2738037109375,-1396.2628173828125,-1438.2662353515625,-1321.733154296875,-1437.4493408203125,-1419.1962890625,-1373.3006591796875,-1328.415771484375,-1361.367919921875,-1437.3658447265625,-1359.188232421875,-1313.135498046875,-1307.8538818359375,-1306.728759765625,-1378.6070556640625,-1356.9876708984375,-1369.0560302734375,-1372.1778564453125,-1424.414794921875,-1419.9022216796875,-1425.7537841796875,-1402.280029296875,-1375.811767578125,-1123.4307861328125,-1361.9334716796875,-1483.170166015625,-1438.1697998046875,-1427.1986083984375,-1392.4737548828125,-1389.3079833984375,-1352.5548095703125,-1338.0701904296875,-1353.2369384765625,-1372.1458740234375,-1428.397705078125,-1432.804931640625,-1424.578369140625,-1390.2103271484375,-1384.7398681640625,-1439.3831787109375,-1456.7142333984375,-1450.1395263671875,-1438.6651611328125,-1480.7413330078125,-1485.13427734375,-1452.2274169921875,-1496.227783203125,-1482.6849365234375,-1507.838623046875,-1427.2489013671875,-1443.34130859375,-1461.9344482421875,-1380.0047607421875,-1448.0821533203125,-1455.0888671875,-1479.1805419921875,-1439.880615234375,-1370.7979736328125,-1344.40966796875,-1291.9287109375,-1397.7445068359375,-1444.3814697265625,-1514.8037109375,-1518.6448974609375,-1457.884033203125,-1462.870361328125,-1442.697509765625,-1447.5194091796875,-1485.5233154296875,-1498.409423828125,-1479.9627685546875,-1518.919677734375,-1490.5755615234375,-1274.7718505859375,-1307.4630126953125,-1433.906005859375,-1438.814208984375,-1496.7451171875,-1488.001220703125,-1314.59375,-1423.227783203125,-1479.2066650390625,-1450.21142578125,-1464.2020263671875,-1470.8509521484375,-1497.74853515625,-1541.5999755859375,-1518.243408203125,-1422.9180908203125,-1455.8099365234375,-1485.068115234375,-1521.2186279296875,-1515.0887451171875,-1548.1785888671875,-1463.2581787109375,-1462.3076171875,-1504.881103515625,-1521.1162109375,-1487.4798583984375,-1435.2733154296875,-1412.0228271484375,-1313.8291015625,-1349.072021484375,-1320.8167724609375,-1337.551025390625,-1345.65478515625,-1338.6632080078125,-1412.026123046875,-1463.328369140625,-1510.774169921875,-1470.861328125,-1517.458251953125,-1484.3546142578125,-1511.6177978515625,-1481.7342529296875,-1488.3121337890625,-1459.0350341796875,-1538.0604248046875,-1434.244873046875,-1327.4075927734375,-1461.003173828125,-1488.8887939453125,-1431.139892578125,-1495.359375,-1418.8310546875,-1481.471435546875,-1490.286376953125,-1482.1661376953125,-1460.3551025390625,-1508.571533203125,-1478.2764892578125,-1455.771728515625,-1427.34619140625,-1511.014404296875,-1478.215087890625,-1464.57861328125,-1471.747802734375,-1417.174072265625,-1340.175537109375,-1466.3685302734375,-1438.2716064453125,-1458.6417236328125,-1429.55810546875,-1392.82373046875,-1322.003662109375,-1338.005126953125,-1339.6129150390625,-1444.751953125,-1136.0782470703125,-1422.9056396484375,-1397.6214599609375,-1467.978759765625,-1513.875,-1331.319091796875,-1337.854248046875,-1456.2947998046875,-1409.343017578125,-1303.67236328125,-1266.0902099609375,-1262.005126953125,-1238.34033203125,-1220.2362060546875,-1221.6085205078125,-1273.2923583984375,-1324.158447265625,-1356.3660888671875,-1430.054931640625,-1445.76513671875,-1399.510009765625,-651.1679077148438,-759.1456298828125,-885.8202514648438,-1250.4617919921875,-1466.730224609375,-1479.840576171875,-1448.5902099609375,-1454.220947265625,-1490.1602783203125,-1524.7913818359375,-1043.1585693359375,-609.981201171875,-1412.50146484375,-1397.7105712890625,-1344.3240966796875,-1337.3507080078125,-1361.48779296875,-1392.0413818359375,-1357.1226806640625,-1423.303955078125,-1451.675048828125,-1457.169921875,-1485.312744140625,-1432.691162109375,-1490.6673583984375,-1485.0052490234375,-1403.5135498046875,-1417.5447998046875,-1447.431884765625,-1496.967041015625,-1512.24560546875,-1498.880126953125,-1510.850341796875,-1507.431884765625
